Region ID,Name,Channel,Chrom,Start,End,Chrom ID
1,chr1-HighRes-#1,3,chr1,135600000,135625000,1
2,chr1-HighRes-#2,3,chr1,135625000,135650000,1
3,chr1-HighRes-#3,3,chr1,135650000,135675000,1
4,chr1-HighRes-#4,3,chr1,135675000,135700000,1
5,chr1-HighRes-#5,3,chr1,135700000,135725000,1
6,chr1-HighRes-#6,3,chr1,135725000,135750000,1
7,chr1-HighRes-#7,3,chr1,135750000,135775000,1
8,chr1-HighRes-#8,3,chr1,135775000,135800000,1
9,chr1-HighRes-#9,3,chr1,135800000,135825000,1
10,chr1-HighRes-#10,3,chr1,135825000,135850000,1
11,chr1-HighRes-#11,3,chr1,135850000,135875000,1
12,chr1-HighRes-#12,3,chr1,135875000,135900000,1
13,chr1-HighRes-#13,3,chr1,135900000,135925000,1
14,chr1-HighRes-#14,3,chr1,135925000,135950000,1
15,chr1-HighRes-#15,3,chr1,135950000,135975000,1
16,chr1-HighRes-#16,3,chr1,135975000,136000000,1
17,chr1-HighRes-#17,3,chr1,136000000,136025000,1
18,chr1-HighRes-#18,3,chr1,136025000,136050000,1
19,chr1-HighRes-#19,3,chr1,136050000,136075000,1
20,chr1-HighRes-#20,3,chr1,136075000,136100000,1
21,chr1-HighRes-#21,3,chr1,136100000,136125000,1
22,chr1-HighRes-#22,3,chr1,136125000,136150000,1
23,chr1-HighRes-#23,3,chr1,136150000,136175000,1
24,chr1-HighRes-#24,3,chr1,136175000,136200000,1
25,chr1-HighRes-#25,3,chr1,136200000,136225000,1
26,chr1-HighRes-#26,3,chr1,136225000,136250000,1
27,chr1-HighRes-#27,3,chr1,136250000,136275000,1
28,chr1-HighRes-#28,3,chr1,136275000,136300000,1
29,chr1-HighRes-#29,3,chr1,136300000,136325000,1
30,chr1-HighRes-#30,3,chr1,136325000,136350000,1
31,chr1-HighRes-#31,3,chr1,136350000,136375000,1
32,chr1-HighRes-#32,3,chr1,136375000,136400000,1
33,chr1-HighRes-#33,3,chr1,136400000,136425000,1
34,chr1-HighRes-#34,3,chr1,136425000,136450000,1
35,chr1-HighRes-#35,3,chr1,136450000,136475000,1
36,chr1-HighRes-#36,3,chr1,136475000,136500000,1
37,chr1-HighRes-#37,3,chr1,136500000,136525000,1
38,chr1-HighRes-#38,3,chr1,136525000,136550000,1
39,chr1-HighRes-#39,3,chr1,136550000,136575000,1
40,chr1-HighRes-#40,3,chr1,136575000,136600000,1
41,chr1-HighRes-#41,3,chr1,136600000,136625000,1
42,chr1-HighRes-#42,3,chr1,136625000,136650000,1
43,chr1-HighRes-#43,3,chr1,136650000,136675000,1
44,chr1-HighRes-#44,3,chr1,136675000,136700000,1
45,chr1-HighRes-#45,3,chr1,136700000,136725000,1
46,chr1-HighRes-#46,3,chr1,136725000,136750000,1
47,chr1-HighRes-#47,3,chr1,136750000,136775000,1
48,chr1-HighRes-#48,3,chr1,136775000,136800000,1
49,chr1-HighRes-#49,3,chr1,136800000,136825000,1
50,chr1-HighRes-#50,3,chr1,136825000,136850000,1
51,chr1-HighRes-#51,3,chr1,136850000,136875000,1
52,chr1-HighRes-#52,3,chr1,136875000,136900000,1
53,chr1-HighRes-#53,3,chr1,136900000,136925000,1
54,chr1-HighRes-#54,3,chr1,136925000,136950000,1
55,chr1-HighRes-#55,3,chr1,136950000,136975000,1
56,chr1-HighRes-#56,3,chr1,136975000,137000000,1
57,chr1-HighRes-#57,3,chr1,137000000,137025000,1
58,chr1-HighRes-#58,3,chr1,137025000,137050000,1
59,chr1-HighRes-#59,3,chr1,137050000,137075000,1
60,chr1-HighRes-#60,3,chr1,137075000,137100000,1
61,chr2-HighRes-#1,3,chr2,109000000,109025000,2
62,chr2-HighRes-#2,3,chr2,109025000,109050000,2
63,chr2-HighRes-#3,3,chr2,109050000,109075000,2
64,chr2-HighRes-#4,3,chr2,109075000,109100000,2
65,chr2-HighRes-#5,3,chr2,109100000,109125000,2
66,chr2-HighRes-#6,3,chr2,109125000,109150000,2
67,chr2-HighRes-#7,3,chr2,109150000,109175000,2
68,chr2-HighRes-#8,3,chr2,109175000,109200000,2
69,chr2-HighRes-#9,3,chr2,109200000,109225000,2
70,chr2-HighRes-#10,3,chr2,109225000,109250000,2
71,chr2-HighRes-#11,3,chr2,109250000,109275000,2
72,chr2-HighRes-#12,3,chr2,109275000,109300000,2
73,chr2-HighRes-#13,3,chr2,109300000,109325000,2
74,chr2-HighRes-#14,3,chr2,109325000,109350000,2
75,chr2-HighRes-#15,3,chr2,109350000,109375000,2
76,chr2-HighRes-#16,3,chr2,109375000,109400000,2
77,chr2-HighRes-#17,3,chr2,109400000,109425000,2
78,chr2-HighRes-#18,3,chr2,109425000,109450000,2
79,chr2-HighRes-#19,3,chr2,109475000,109500000,2
80,chr2-HighRes-#20,3,chr2,109500000,109525000,2
81,chr2-HighRes-#21,3,chr2,109525000,109550000,2
82,chr2-HighRes-#22,3,chr2,109550000,109575000,2
83,chr2-HighRes-#23,3,chr2,109575000,109600000,2
84,chr2-HighRes-#24,3,chr2,109600000,109625000,2
85,chr2-HighRes-#25,3,chr2,109625000,109650000,2
86,chr2-HighRes-#26,3,chr2,109650000,109675000,2
87,chr2-HighRes-#27,3,chr2,109675000,109700000,2
88,chr2-HighRes-#28,3,chr2,109700000,109725000,2
89,chr2-HighRes-#29,3,chr2,109725000,109750000,2
90,chr2-HighRes-#30,3,chr2,109750000,109775000,2
91,chr2-HighRes-#31,3,chr2,109775000,109800000,2
92,chr2-HighRes-#32,3,chr2,109800000,109825000,2
93,chr2-HighRes-#33,3,chr2,109825000,109850000,2
94,chr2-HighRes-#34,3,chr2,109850000,109875000,2
95,chr2-HighRes-#35,3,chr2,109875000,109900000,2
96,chr2-HighRes-#36,3,chr2,109900000,109925000,2
97,chr2-HighRes-#37,3,chr2,109925000,109950000,2
98,chr2-HighRes-#38,3,chr2,109950000,109975000,2
99,chr2-HighRes-#39,3,chr2,109975000,110000000,2
100,chr2-HighRes-#40,3,chr2,110000000,110025000,2
101,chr2-HighRes-#41,3,chr2,110025000,110050000,2
102,chr2-HighRes-#42,3,chr2,110050000,110075000,2
103,chr2-HighRes-#43,3,chr2,110075000,110100000,2
104,chr2-HighRes-#44,3,chr2,110125000,110150000,2
105,chr2-HighRes-#45,3,chr2,110150000,110175000,2
106,chr2-HighRes-#46,3,chr2,110175000,110200000,2
107,chr2-HighRes-#47,3,chr2,110200000,110225000,2
108,chr2-HighRes-#48,3,chr2,110225000,110250000,2
109,chr2-HighRes-#49,3,chr2,110250000,110275000,2
110,chr2-HighRes-#50,3,chr2,110275000,110300000,2
111,chr2-HighRes-#51,3,chr2,110300000,110325000,2
112,chr2-HighRes-#52,3,chr2,110325000,110350000,2
113,chr2-HighRes-#53,3,chr2,110350000,110375000,2
114,chr2-HighRes-#54,3,chr2,110375000,110400000,2
115,chr2-HighRes-#55,3,chr2,110400000,110425000,2
116,chr2-HighRes-#56,3,chr2,110425000,110450000,2
117,chr2-HighRes-#57,3,chr2,110475000,110500000,2
118,chr2-HighRes-#58,3,chr2,110500000,110525000,2
119,chr2-HighRes-#59,3,chr2,110525000,110550000,2
120,chr2-HighRes-#60,3,chr2,110550000,110575000,2
121,chr3-HighRes-#1,3,chr3,7675000,7700000,3
122,chr3-HighRes-#2,3,chr3,7700000,7725000,3
123,chr3-HighRes-#3,3,chr3,7750000,7775000,3
124,chr3-HighRes-#4,3,chr3,7775000,7800000,3
125,chr3-HighRes-#5,3,chr3,7800000,7825000,3
126,chr3-HighRes-#6,3,chr3,7875000,7900000,3
127,chr3-HighRes-#7,3,chr3,7900000,7925000,3
128,chr3-HighRes-#8,3,chr3,7925000,7950000,3
129,chr3-HighRes-#9,3,chr3,7950000,7975000,3
130,chr3-HighRes-#10,3,chr3,7975000,8000000,3
131,chr3-HighRes-#11,3,chr3,8000000,8025000,3
132,chr3-HighRes-#12,3,chr3,8025000,8050000,3
133,chr3-HighRes-#13,3,chr3,8050000,8075000,3
134,chr3-HighRes-#14,3,chr3,8075000,8100000,3
135,chr3-HighRes-#15,3,chr3,8100000,8125000,3
136,chr3-HighRes-#16,3,chr3,8125000,8150000,3
137,chr3-HighRes-#17,3,chr3,8150000,8175000,3
138,chr3-HighRes-#18,3,chr3,8200000,8225000,3
139,chr3-HighRes-#19,3,chr3,8225000,8250000,3
140,chr3-HighRes-#20,3,chr3,8250000,8275000,3
141,chr3-HighRes-#21,3,chr3,8275000,8300000,3
142,chr3-HighRes-#22,3,chr3,8300000,8325000,3
143,chr3-HighRes-#23,3,chr3,8350000,8375000,3
144,chr3-HighRes-#24,3,chr3,8375000,8400000,3
145,chr3-HighRes-#25,3,chr3,8400000,8425000,3
146,chr3-HighRes-#26,3,chr3,8450000,8475000,3
147,chr3-HighRes-#27,3,chr3,8475000,8500000,3
148,chr3-HighRes-#28,3,chr3,8500000,8525000,3
149,chr3-HighRes-#29,3,chr3,8525000,8550000,3
150,chr3-HighRes-#30,3,chr3,8550000,8575000,3
151,chr3-HighRes-#31,3,chr3,8575000,8600000,3
152,chr3-HighRes-#32,3,chr3,8600000,8625000,3
153,chr3-HighRes-#33,3,chr3,8625000,8650000,3
154,chr3-HighRes-#34,3,chr3,8650000,8675000,3
155,chr3-HighRes-#35,3,chr3,8675000,8700000,3
156,chr3-HighRes-#36,3,chr3,8700000,8725000,3
157,chr3-HighRes-#37,3,chr3,8725000,8750000,3
158,chr3-HighRes-#38,3,chr3,8750000,8775000,3
159,chr3-HighRes-#39,3,chr3,8775000,8800000,3
160,chr3-HighRes-#40,3,chr3,8800000,8825000,3
161,chr3-HighRes-#41,3,chr3,8825000,8850000,3
162,chr3-HighRes-#42,3,chr3,8850000,8875000,3
163,chr3-HighRes-#43,3,chr3,8875000,8900000,3
164,chr3-HighRes-#44,3,chr3,8900000,8925000,3
165,chr3-HighRes-#45,3,chr3,8925000,8950000,3
166,chr3-HighRes-#46,3,chr3,8950000,8975000,3
167,chr3-HighRes-#47,3,chr3,8975000,9000000,3
168,chr3-HighRes-#48,3,chr3,9000000,9025000,3
169,chr3-HighRes-#49,3,chr3,9025000,9050000,3
170,chr3-HighRes-#50,3,chr3,9050000,9075000,3
171,chr3-HighRes-#51,3,chr3,9075000,9100000,3
172,chr3-HighRes-#52,3,chr3,9100000,9125000,3
173,chr3-HighRes-#53,3,chr3,9125000,9150000,3
174,chr3-HighRes-#54,3,chr3,9150000,9175000,3
175,chr3-HighRes-#55,3,chr3,9175000,9200000,3
176,chr3-HighRes-#56,3,chr3,9200000,9225000,3
177,chr3-HighRes-#57,3,chr3,9225000,9250000,3
178,chr3-HighRes-#58,3,chr3,9250000,9275000,3
179,chr3-HighRes-#59,3,chr3,9275000,9300000,3
180,chr3-HighRes-#60,3,chr3,9300000,9325000,3
181,chr4-HighRes-#1,3,chr4,89300000,89325000,4
182,chr4-HighRes-#2,3,chr4,89350000,89375000,4
183,chr4-HighRes-#3,3,chr4,89375000,89400000,4
184,chr4-HighRes-#4,3,chr4,89400000,89425000,4
185,chr4-HighRes-#5,3,chr4,89425000,89450000,4
186,chr4-HighRes-#6,3,chr4,89450000,89475000,4
187,chr4-HighRes-#7,3,chr4,89475000,89500000,4
188,chr4-HighRes-#8,3,chr4,89500000,89525000,4
189,chr4-HighRes-#9,3,chr4,89525000,89550000,4
190,chr4-HighRes-#10,3,chr4,89550000,89575000,4
191,chr4-HighRes-#11,3,chr4,89575000,89600000,4
192,chr4-HighRes-#12,3,chr4,89600000,89625000,4
193,chr4-HighRes-#13,3,chr4,89625000,89650000,4
194,chr4-HighRes-#14,3,chr4,89650000,89675000,4
195,chr4-HighRes-#15,3,chr4,89675000,89700000,4
196,chr4-HighRes-#16,3,chr4,89725000,89750000,4
197,chr4-HighRes-#17,3,chr4,89750000,89775000,4
198,chr4-HighRes-#18,3,chr4,89775000,89800000,4
199,chr4-HighRes-#19,3,chr4,89800000,89825000,4
200,chr4-HighRes-#20,3,chr4,89825000,89850000,4
201,chr4-HighRes-#21,3,chr4,89850000,89875000,4
202,chr4-HighRes-#22,3,chr4,89875000,89900000,4
203,chr4-HighRes-#23,3,chr4,89900000,89925000,4
204,chr4-HighRes-#24,3,chr4,89925000,89950000,4
205,chr4-HighRes-#25,3,chr4,89950000,89975000,4
206,chr4-HighRes-#26,3,chr4,89975000,90000000,4
207,chr4-HighRes-#27,3,chr4,90000000,90025000,4
208,chr4-HighRes-#28,3,chr4,90050000,90075000,4
209,chr4-HighRes-#29,3,chr4,90075000,90100000,4
210,chr4-HighRes-#30,3,chr4,90125000,90150000,4
211,chr4-HighRes-#31,3,chr4,90200000,90225000,4
212,chr4-HighRes-#32,3,chr4,90225000,90250000,4
213,chr4-HighRes-#33,3,chr4,90275000,90300000,4
214,chr4-HighRes-#34,3,chr4,90300000,90325000,4
215,chr4-HighRes-#35,3,chr4,90325000,90350000,4
216,chr4-HighRes-#36,3,chr4,90350000,90375000,4
217,chr4-HighRes-#37,3,chr4,90375000,90400000,4
218,chr4-HighRes-#38,3,chr4,90400000,90425000,4
219,chr4-HighRes-#39,3,chr4,90425000,90450000,4
220,chr4-HighRes-#40,3,chr4,90450000,90475000,4
221,chr4-HighRes-#41,3,chr4,90475000,90500000,4
222,chr4-HighRes-#42,3,chr4,90500000,90525000,4
223,chr4-HighRes-#43,3,chr4,90525000,90550000,4
224,chr4-HighRes-#44,3,chr4,90550000,90575000,4
225,chr4-HighRes-#45,3,chr4,90575000,90600000,4
226,chr4-HighRes-#46,3,chr4,90600000,90625000,4
227,chr4-HighRes-#47,3,chr4,90625000,90650000,4
228,chr4-HighRes-#48,3,chr4,90675000,90700000,4
229,chr4-HighRes-#49,3,chr4,90700000,90725000,4
230,chr4-HighRes-#50,3,chr4,90725000,90750000,4
231,chr4-HighRes-#51,3,chr4,90750000,90775000,4
232,chr4-HighRes-#52,3,chr4,90775000,90800000,4
233,chr4-HighRes-#53,3,chr4,90800000,90825000,4
234,chr4-HighRes-#54,3,chr4,90825000,90850000,4
235,chr4-HighRes-#55,3,chr4,90850000,90875000,4
236,chr4-HighRes-#56,3,chr4,90875000,90900000,4
237,chr4-HighRes-#57,3,chr4,90900000,90925000,4
238,chr4-HighRes-#58,3,chr4,90925000,90950000,4
239,chr4-HighRes-#59,3,chr4,90950000,90975000,4
240,chr4-HighRes-#60,3,chr4,91000000,91025000,4
241,chr5-HighRes-#1,3,chr5,131400000,131425000,5
242,chr5-HighRes-#2,3,chr5,131425000,131450000,5
243,chr5-HighRes-#3,3,chr5,131450000,131475000,5
244,chr5-HighRes-#4,3,chr5,131475000,131500000,5
245,chr5-HighRes-#5,3,chr5,131500000,131525000,5
246,chr5-HighRes-#6,3,chr5,131525000,131550000,5
247,chr5-HighRes-#7,3,chr5,131550000,131575000,5
248,chr5-HighRes-#8,3,chr5,131575000,131600000,5
249,chr5-HighRes-#9,3,chr5,131600000,131625000,5
250,chr5-HighRes-#10,3,chr5,131625000,131650000,5
251,chr5-HighRes-#11,3,chr5,131650000,131675000,5
252,chr5-HighRes-#12,3,chr5,131675000,131700000,5
253,chr5-HighRes-#13,3,chr5,131700000,131725000,5
254,chr5-HighRes-#14,3,chr5,131725000,131750000,5
255,chr5-HighRes-#15,3,chr5,131750000,131775000,5
256,chr5-HighRes-#16,3,chr5,131775000,131800000,5
257,chr5-HighRes-#17,3,chr5,131800000,131825000,5
258,chr5-HighRes-#18,3,chr5,131825000,131850000,5
259,chr5-HighRes-#19,3,chr5,131850000,131875000,5
260,chr5-HighRes-#20,3,chr5,131875000,131900000,5
261,chr5-HighRes-#21,3,chr5,131900000,131925000,5
262,chr5-HighRes-#22,3,chr5,131925000,131950000,5
263,chr5-HighRes-#23,3,chr5,131950000,131975000,5
264,chr5-HighRes-#24,3,chr5,131975000,132000000,5
265,chr5-HighRes-#25,3,chr5,132000000,132025000,5
266,chr5-HighRes-#26,3,chr5,132025000,132050000,5
267,chr5-HighRes-#27,3,chr5,132050000,132075000,5
268,chr5-HighRes-#28,3,chr5,132075000,132100000,5
269,chr5-HighRes-#29,3,chr5,132100000,132125000,5
270,chr5-HighRes-#30,3,chr5,132125000,132150000,5
271,chr5-HighRes-#31,3,chr5,132150000,132175000,5
272,chr5-HighRes-#32,3,chr5,132175000,132200000,5
273,chr5-HighRes-#33,3,chr5,132200000,132225000,5
274,chr5-HighRes-#34,3,chr5,132225000,132250000,5
275,chr5-HighRes-#35,3,chr5,132250000,132275000,5
276,chr5-HighRes-#36,3,chr5,132275000,132300000,5
277,chr5-HighRes-#37,3,chr5,132300000,132325000,5
278,chr5-HighRes-#38,3,chr5,132325000,132350000,5
279,chr5-HighRes-#39,3,chr5,132350000,132375000,5
280,chr5-HighRes-#40,3,chr5,132375000,132400000,5
281,chr5-HighRes-#41,3,chr5,132400000,132425000,5
282,chr5-HighRes-#42,3,chr5,132425000,132450000,5
283,chr5-HighRes-#43,3,chr5,132450000,132475000,5
284,chr5-HighRes-#44,3,chr5,132475000,132500000,5
285,chr5-HighRes-#45,3,chr5,132500000,132525000,5
286,chr5-HighRes-#46,3,chr5,132525000,132550000,5
287,chr5-HighRes-#47,3,chr5,132550000,132575000,5
288,chr5-HighRes-#48,3,chr5,132575000,132600000,5
289,chr5-HighRes-#49,3,chr5,132600000,132625000,5
290,chr5-HighRes-#50,3,chr5,132625000,132650000,5
291,chr5-HighRes-#51,3,chr5,132650000,132675000,5
292,chr5-HighRes-#52,3,chr5,132675000,132700000,5
293,chr5-HighRes-#53,3,chr5,132700000,132725000,5
294,chr5-HighRes-#54,3,chr5,132725000,132750000,5
295,chr5-HighRes-#55,3,chr5,132750000,132775000,5
296,chr5-HighRes-#56,3,chr5,132775000,132800000,5
297,chr5-HighRes-#57,3,chr5,132800000,132825000,5
298,chr5-HighRes-#58,3,chr5,132825000,132850000,5
299,chr5-HighRes-#59,3,chr5,132850000,132875000,5
300,chr5-HighRes-#60,3,chr5,132875000,132900000,5
301,chr6-HighRes-#1,3,chr6,49375000,49400000,6
302,chr6-HighRes-#2,3,chr6,49400000,49425000,6
303,chr6-HighRes-#3,3,chr6,49450000,49475000,6
304,chr6-HighRes-#4,3,chr6,49475000,49500000,6
305,chr6-HighRes-#5,3,chr6,49500000,49525000,6
306,chr6-HighRes-#6,3,chr6,49525000,49550000,6
307,chr6-HighRes-#7,3,chr6,49550000,49575000,6
308,chr6-HighRes-#8,3,chr6,49575000,49600000,6
309,chr6-HighRes-#9,3,chr6,49600000,49625000,6
310,chr6-HighRes-#10,3,chr6,49625000,49650000,6
311,chr6-HighRes-#11,3,chr6,49650000,49675000,6
312,chr6-HighRes-#12,3,chr6,49675000,49700000,6
313,chr6-HighRes-#13,3,chr6,49700000,49725000,6
314,chr6-HighRes-#14,3,chr6,49725000,49750000,6
315,chr6-HighRes-#15,3,chr6,49750000,49775000,6
316,chr6-HighRes-#16,3,chr6,49775000,49800000,6
317,chr6-HighRes-#17,3,chr6,49800000,49825000,6
318,chr6-HighRes-#18,3,chr6,49825000,49850000,6
319,chr6-HighRes-#19,3,chr6,49850000,49875000,6
320,chr6-HighRes-#20,3,chr6,49875000,49900000,6
321,chr6-HighRes-#21,3,chr6,49900000,49925000,6
322,chr6-HighRes-#22,3,chr6,49925000,49950000,6
323,chr6-HighRes-#23,3,chr6,49950000,49975000,6
324,chr6-HighRes-#24,3,chr6,49975000,50000000,6
325,chr6-HighRes-#25,3,chr6,50000000,50025000,6
326,chr6-HighRes-#26,3,chr6,50025000,50050000,6
327,chr6-HighRes-#27,3,chr6,50050000,50075000,6
328,chr6-HighRes-#28,3,chr6,50075000,50100000,6
329,chr6-HighRes-#29,3,chr6,50100000,50125000,6
330,chr6-HighRes-#30,3,chr6,50125000,50150000,6
331,chr6-HighRes-#31,3,chr6,50150000,50175000,6
332,chr6-HighRes-#32,3,chr6,50175000,50200000,6
333,chr6-HighRes-#33,3,chr6,50200000,50225000,6
334,chr6-HighRes-#34,3,chr6,50225000,50250000,6
335,chr6-HighRes-#35,3,chr6,50250000,50275000,6
336,chr6-HighRes-#36,3,chr6,50275000,50300000,6
337,chr6-HighRes-#37,3,chr6,50300000,50325000,6
338,chr6-HighRes-#38,3,chr6,50325000,50350000,6
339,chr6-HighRes-#39,3,chr6,50350000,50375000,6
340,chr6-HighRes-#40,3,chr6,50375000,50400000,6
341,chr6-HighRes-#41,3,chr6,50400000,50425000,6
342,chr6-HighRes-#42,3,chr6,50425000,50450000,6
343,chr6-HighRes-#43,3,chr6,50450000,50475000,6
344,chr6-HighRes-#44,3,chr6,50475000,50500000,6
345,chr6-HighRes-#45,3,chr6,50500000,50525000,6
346,chr6-HighRes-#46,3,chr6,50525000,50550000,6
347,chr6-HighRes-#47,3,chr6,50550000,50575000,6
348,chr6-HighRes-#48,3,chr6,50575000,50600000,6
349,chr6-HighRes-#49,3,chr6,50625000,50650000,6
350,chr6-HighRes-#50,3,chr6,50650000,50675000,6
351,chr6-HighRes-#51,3,chr6,50675000,50700000,6
352,chr6-HighRes-#52,3,chr6,50700000,50725000,6
353,chr6-HighRes-#53,3,chr6,50725000,50750000,6
354,chr6-HighRes-#54,3,chr6,50750000,50775000,6
355,chr6-HighRes-#55,3,chr6,50775000,50800000,6
356,chr6-HighRes-#56,3,chr6,50800000,50825000,6
357,chr6-HighRes-#57,3,chr6,50825000,50850000,6
358,chr6-HighRes-#58,3,chr6,50850000,50875000,6
359,chr6-HighRes-#59,3,chr6,50875000,50900000,6
360,chr6-HighRes-#60,3,chr6,50900000,50925000,6
361,chr7-HighRes-#1,3,chr7,44600000,44625000,7
362,chr7-HighRes-#2,3,chr7,44625000,44650000,7
363,chr7-HighRes-#3,3,chr7,44650000,44675000,7
364,chr7-HighRes-#4,3,chr7,44675000,44700000,7
365,chr7-HighRes-#5,3,chr7,44700000,44725000,7
366,chr7-HighRes-#6,3,chr7,44725000,44750000,7
367,chr7-HighRes-#7,3,chr7,44750000,44775000,7
368,chr7-HighRes-#8,3,chr7,44775000,44800000,7
369,chr7-HighRes-#9,3,chr7,44800000,44825000,7
370,chr7-HighRes-#10,3,chr7,44825000,44850000,7
371,chr7-HighRes-#11,3,chr7,44850000,44875000,7
372,chr7-HighRes-#12,3,chr7,44875000,44900000,7
373,chr7-HighRes-#13,3,chr7,44900000,44925000,7
374,chr7-HighRes-#14,3,chr7,44925000,44950000,7
375,chr7-HighRes-#15,3,chr7,44950000,44975000,7
376,chr7-HighRes-#16,3,chr7,44975000,45000000,7
377,chr7-HighRes-#17,3,chr7,45000000,45025000,7
378,chr7-HighRes-#18,3,chr7,45025000,45050000,7
379,chr7-HighRes-#19,3,chr7,45050000,45075000,7
380,chr7-HighRes-#20,3,chr7,45075000,45100000,7
381,chr7-HighRes-#21,3,chr7,45100000,45125000,7
382,chr7-HighRes-#22,3,chr7,45125000,45150000,7
383,chr7-HighRes-#23,3,chr7,45150000,45175000,7
384,chr7-HighRes-#24,3,chr7,45175000,45200000,7
385,chr7-HighRes-#25,3,chr7,45200000,45225000,7
386,chr7-HighRes-#26,3,chr7,45225000,45250000,7
387,chr7-HighRes-#27,3,chr7,45250000,45275000,7
388,chr7-HighRes-#28,3,chr7,45275000,45300000,7
389,chr7-HighRes-#29,3,chr7,45300000,45325000,7
390,chr7-HighRes-#30,3,chr7,45325000,45350000,7
391,chr7-HighRes-#31,3,chr7,45350000,45375000,7
392,chr7-HighRes-#32,3,chr7,45375000,45400000,7
393,chr7-HighRes-#33,3,chr7,45400000,45425000,7
394,chr7-HighRes-#34,3,chr7,45425000,45450000,7
395,chr7-HighRes-#35,3,chr7,45450000,45475000,7
396,chr7-HighRes-#36,3,chr7,45475000,45500000,7
397,chr7-HighRes-#37,3,chr7,45500000,45525000,7
398,chr7-HighRes-#38,3,chr7,45525000,45550000,7
399,chr7-HighRes-#39,3,chr7,45550000,45575000,7
400,chr7-HighRes-#40,3,chr7,45575000,45600000,7
401,chr7-HighRes-#41,3,chr7,45600000,45625000,7
402,chr7-HighRes-#42,3,chr7,45625000,45650000,7
403,chr7-HighRes-#43,3,chr7,45650000,45675000,7
404,chr7-HighRes-#44,3,chr7,45675000,45700000,7
405,chr7-HighRes-#45,3,chr7,45700000,45725000,7
406,chr7-HighRes-#46,3,chr7,45725000,45750000,7
407,chr7-HighRes-#47,3,chr7,45750000,45775000,7
408,chr7-HighRes-#48,3,chr7,45775000,45800000,7
409,chr7-HighRes-#49,3,chr7,45800000,45825000,7
410,chr7-HighRes-#50,3,chr7,45825000,45850000,7
411,chr7-HighRes-#51,3,chr7,45850000,45875000,7
412,chr7-HighRes-#52,3,chr7,45875000,45900000,7
413,chr7-HighRes-#53,3,chr7,45900000,45925000,7
414,chr7-HighRes-#54,3,chr7,45925000,45950000,7
415,chr7-HighRes-#55,3,chr7,45950000,45975000,7
416,chr7-HighRes-#56,3,chr7,45975000,46000000,7
417,chr7-HighRes-#57,3,chr7,46000000,46025000,7
418,chr7-HighRes-#58,3,chr7,46025000,46050000,7
419,chr7-HighRes-#59,3,chr7,46050000,46075000,7
420,chr7-HighRes-#60,3,chr7,46075000,46100000,7
421,chr8-HighRes-#1,3,chr8,42700000,42725000,8
422,chr8-HighRes-#2,3,chr8,42750000,42775000,8
423,chr8-HighRes-#3,3,chr8,42775000,42800000,8
424,chr8-HighRes-#4,3,chr8,42800000,42825000,8
425,chr8-HighRes-#5,3,chr8,42825000,42850000,8
426,chr8-HighRes-#6,3,chr8,42850000,42875000,8
427,chr8-HighRes-#7,3,chr8,42875000,42900000,8
428,chr8-HighRes-#8,3,chr8,42900000,42925000,8
429,chr8-HighRes-#9,3,chr8,42925000,42950000,8
430,chr8-HighRes-#10,3,chr8,42950000,42975000,8
431,chr8-HighRes-#11,3,chr8,42975000,43000000,8
432,chr8-HighRes-#12,3,chr8,43000000,43025000,8
433,chr8-HighRes-#13,3,chr8,43025000,43050000,8
434,chr8-HighRes-#14,3,chr8,43050000,43075000,8
435,chr8-HighRes-#15,3,chr8,43075000,43100000,8
436,chr8-HighRes-#16,3,chr8,43100000,43125000,8
437,chr8-HighRes-#17,3,chr8,43125000,43150000,8
438,chr8-HighRes-#18,3,chr8,43150000,43175000,8
439,chr8-HighRes-#19,3,chr8,43175000,43200000,8
440,chr8-HighRes-#20,3,chr8,43200000,43225000,8
441,chr8-HighRes-#21,3,chr8,43225000,43250000,8
442,chr8-HighRes-#22,3,chr8,43250000,43275000,8
443,chr8-HighRes-#23,3,chr8,43275000,43300000,8
444,chr8-HighRes-#24,3,chr8,43300000,43325000,8
445,chr8-HighRes-#25,3,chr8,43325000,43350000,8
446,chr8-HighRes-#26,3,chr8,43350000,43375000,8
447,chr8-HighRes-#27,3,chr8,43375000,43400000,8
448,chr8-HighRes-#28,3,chr8,43400000,43425000,8
449,chr8-HighRes-#29,3,chr8,43425000,43450000,8
450,chr8-HighRes-#30,3,chr8,43450000,43475000,8
451,chr8-HighRes-#31,3,chr8,43475000,43500000,8
452,chr8-HighRes-#32,3,chr8,43500000,43525000,8
453,chr8-HighRes-#33,3,chr8,43700000,43725000,8
454,chr8-HighRes-#34,3,chr8,43725000,43750000,8
455,chr8-HighRes-#35,3,chr8,43750000,43775000,8
456,chr8-HighRes-#36,3,chr8,43800000,43825000,8
457,chr8-HighRes-#37,3,chr8,43825000,43850000,8
458,chr8-HighRes-#38,3,chr8,43850000,43875000,8
459,chr8-HighRes-#39,3,chr8,43875000,43900000,8
460,chr8-HighRes-#40,3,chr8,43900000,43925000,8
461,chr8-HighRes-#41,3,chr8,43925000,43950000,8
462,chr8-HighRes-#42,3,chr8,43950000,43975000,8
463,chr8-HighRes-#43,3,chr8,43975000,44000000,8
464,chr8-HighRes-#44,3,chr8,44000000,44025000,8
465,chr8-HighRes-#45,3,chr8,44025000,44050000,8
466,chr8-HighRes-#46,3,chr8,44050000,44075000,8
467,chr8-HighRes-#47,3,chr8,44075000,44100000,8
468,chr8-HighRes-#48,3,chr8,44100000,44125000,8
469,chr8-HighRes-#49,3,chr8,44125000,44150000,8
470,chr8-HighRes-#50,3,chr8,44150000,44175000,8
471,chr8-HighRes-#51,3,chr8,44175000,44200000,8
472,chr8-HighRes-#52,3,chr8,44200000,44225000,8
473,chr8-HighRes-#53,3,chr8,44225000,44250000,8
474,chr8-HighRes-#54,3,chr8,44250000,44275000,8
475,chr8-HighRes-#55,3,chr8,44275000,44300000,8
476,chr8-HighRes-#56,3,chr8,44300000,44325000,8
477,chr8-HighRes-#57,3,chr8,44325000,44350000,8
478,chr8-HighRes-#58,3,chr8,44350000,44375000,8
479,chr8-HighRes-#59,3,chr8,44375000,44400000,8
480,chr8-HighRes-#60,3,chr8,44400000,44425000,8
481,chr9-HighRes-#1,3,chr9,119300000,119325000,9
482,chr9-HighRes-#2,3,chr9,119325000,119350000,9
483,chr9-HighRes-#3,3,chr9,119350000,119375000,9
484,chr9-HighRes-#4,3,chr9,119375000,119400000,9
485,chr9-HighRes-#5,3,chr9,119400000,119425000,9
486,chr9-HighRes-#6,3,chr9,119425000,119450000,9
487,chr9-HighRes-#7,3,chr9,119450000,119475000,9
488,chr9-HighRes-#8,3,chr9,119475000,119500000,9
489,chr9-HighRes-#9,3,chr9,119500000,119525000,9
490,chr9-HighRes-#10,3,chr9,119525000,119550000,9
491,chr9-HighRes-#11,3,chr9,119550000,119575000,9
492,chr9-HighRes-#12,3,chr9,119575000,119600000,9
493,chr9-HighRes-#13,3,chr9,119600000,119625000,9
494,chr9-HighRes-#14,3,chr9,119625000,119650000,9
495,chr9-HighRes-#15,3,chr9,119650000,119675000,9
496,chr9-HighRes-#16,3,chr9,119675000,119700000,9
497,chr9-HighRes-#17,3,chr9,119700000,119725000,9
498,chr9-HighRes-#18,3,chr9,119725000,119750000,9
499,chr9-HighRes-#19,3,chr9,119750000,119775000,9
500,chr9-HighRes-#20,3,chr9,119775000,119800000,9
501,chr9-HighRes-#21,3,chr9,119800000,119825000,9
502,chr9-HighRes-#22,3,chr9,119825000,119850000,9
503,chr9-HighRes-#23,3,chr9,119850000,119875000,9
504,chr9-HighRes-#24,3,chr9,119875000,119900000,9
505,chr9-HighRes-#25,3,chr9,119900000,119925000,9
506,chr9-HighRes-#26,3,chr9,119925000,119950000,9
507,chr9-HighRes-#27,3,chr9,119950000,119975000,9
508,chr9-HighRes-#28,3,chr9,119975000,120000000,9
509,chr9-HighRes-#29,3,chr9,120000000,120025000,9
510,chr9-HighRes-#30,3,chr9,120025000,120050000,9
511,chr9-HighRes-#31,3,chr9,120050000,120075000,9
512,chr9-HighRes-#32,3,chr9,120075000,120100000,9
513,chr9-HighRes-#33,3,chr9,120100000,120125000,9
514,chr9-HighRes-#34,3,chr9,120125000,120150000,9
515,chr9-HighRes-#35,3,chr9,120150000,120175000,9
516,chr9-HighRes-#36,3,chr9,120175000,120200000,9
517,chr9-HighRes-#37,3,chr9,120200000,120225000,9
518,chr9-HighRes-#38,3,chr9,120225000,120250000,9
519,chr9-HighRes-#39,3,chr9,120250000,120275000,9
520,chr9-HighRes-#40,3,chr9,120275000,120300000,9
521,chr9-HighRes-#41,3,chr9,120300000,120325000,9
522,chr9-HighRes-#42,3,chr9,120325000,120350000,9
523,chr9-HighRes-#43,3,chr9,120350000,120375000,9
524,chr9-HighRes-#44,3,chr9,120375000,120400000,9
525,chr9-HighRes-#45,3,chr9,120400000,120425000,9
526,chr9-HighRes-#46,3,chr9,120425000,120450000,9
527,chr9-HighRes-#47,3,chr9,120450000,120475000,9
528,chr9-HighRes-#48,3,chr9,120475000,120500000,9
529,chr9-HighRes-#49,3,chr9,120500000,120525000,9
530,chr9-HighRes-#50,3,chr9,120525000,120550000,9
531,chr9-HighRes-#51,3,chr9,120550000,120575000,9
532,chr9-HighRes-#52,3,chr9,120575000,120600000,9
533,chr9-HighRes-#53,3,chr9,120600000,120625000,9
534,chr9-HighRes-#54,3,chr9,120625000,120650000,9
535,chr9-HighRes-#55,3,chr9,120650000,120675000,9
536,chr9-HighRes-#56,3,chr9,120675000,120700000,9
537,chr9-HighRes-#57,3,chr9,120700000,120725000,9
538,chr9-HighRes-#58,3,chr9,120725000,120750000,9
539,chr9-HighRes-#59,3,chr9,120750000,120775000,9
540,chr9-HighRes-#60,3,chr9,120775000,120800000,9
541,chr10-HighRes-#1,3,chr10,75400000,75425000,10
542,chr10-HighRes-#2,3,chr10,75425000,75450000,10
543,chr10-HighRes-#3,3,chr10,75450000,75475000,10
544,chr10-HighRes-#4,3,chr10,75475000,75500000,10
545,chr10-HighRes-#5,3,chr10,75500000,75525000,10
546,chr10-HighRes-#6,3,chr10,75525000,75550000,10
547,chr10-HighRes-#7,3,chr10,75550000,75575000,10
548,chr10-HighRes-#8,3,chr10,75575000,75600000,10
549,chr10-HighRes-#9,3,chr10,75600000,75625000,10
550,chr10-HighRes-#10,3,chr10,75625000,75650000,10
551,chr10-HighRes-#11,3,chr10,75650000,75675000,10
552,chr10-HighRes-#12,3,chr10,75675000,75700000,10
553,chr10-HighRes-#13,3,chr10,75700000,75725000,10
554,chr10-HighRes-#14,3,chr10,75725000,75750000,10
555,chr10-HighRes-#15,3,chr10,75750000,75775000,10
556,chr10-HighRes-#16,3,chr10,75775000,75800000,10
557,chr10-HighRes-#17,3,chr10,75800000,75825000,10
558,chr10-HighRes-#18,3,chr10,75825000,75850000,10
559,chr10-HighRes-#19,3,chr10,75850000,75875000,10
560,chr10-HighRes-#20,3,chr10,75875000,75900000,10
561,chr10-HighRes-#21,3,chr10,75900000,75925000,10
562,chr10-HighRes-#22,3,chr10,75925000,75950000,10
563,chr10-HighRes-#23,3,chr10,75950000,75975000,10
564,chr10-HighRes-#24,3,chr10,75975000,76000000,10
565,chr10-HighRes-#25,3,chr10,76000000,76025000,10
566,chr10-HighRes-#26,3,chr10,76025000,76050000,10
567,chr10-HighRes-#27,3,chr10,76050000,76075000,10
568,chr10-HighRes-#28,3,chr10,76075000,76100000,10
569,chr10-HighRes-#29,3,chr10,76100000,76125000,10
570,chr10-HighRes-#30,3,chr10,76125000,76150000,10
571,chr10-HighRes-#31,3,chr10,76150000,76175000,10
572,chr10-HighRes-#32,3,chr10,76175000,76200000,10
573,chr10-HighRes-#33,3,chr10,76200000,76225000,10
574,chr10-HighRes-#34,3,chr10,76225000,76250000,10
575,chr10-HighRes-#35,3,chr10,76250000,76275000,10
576,chr10-HighRes-#36,3,chr10,76275000,76300000,10
577,chr10-HighRes-#37,3,chr10,76300000,76325000,10
578,chr10-HighRes-#38,3,chr10,76325000,76350000,10
579,chr10-HighRes-#39,3,chr10,76350000,76375000,10
580,chr10-HighRes-#40,3,chr10,76375000,76400000,10
581,chr10-HighRes-#41,3,chr10,76400000,76425000,10
582,chr10-HighRes-#42,3,chr10,76425000,76450000,10
583,chr10-HighRes-#43,3,chr10,76450000,76475000,10
584,chr10-HighRes-#44,3,chr10,76475000,76500000,10
585,chr10-HighRes-#45,3,chr10,76500000,76525000,10
586,chr10-HighRes-#46,3,chr10,76525000,76550000,10
587,chr10-HighRes-#47,3,chr10,76550000,76575000,10
588,chr10-HighRes-#48,3,chr10,76575000,76600000,10
589,chr10-HighRes-#49,3,chr10,76600000,76625000,10
590,chr10-HighRes-#50,3,chr10,76625000,76650000,10
591,chr10-HighRes-#51,3,chr10,76650000,76675000,10
592,chr10-HighRes-#52,3,chr10,76675000,76700000,10
593,chr10-HighRes-#53,3,chr10,76700000,76725000,10
594,chr10-HighRes-#54,3,chr10,76725000,76750000,10
595,chr10-HighRes-#55,3,chr10,76750000,76775000,10
596,chr10-HighRes-#56,3,chr10,76775000,76800000,10
597,chr10-HighRes-#57,3,chr10,76800000,76825000,10
598,chr10-HighRes-#58,3,chr10,76825000,76850000,10
599,chr10-HighRes-#59,3,chr10,76850000,76875000,10
600,chr10-HighRes-#60,3,chr10,76875000,76900000,10
601,chr11-HighRes-#1,3,chr11,97425000,97450000,11
602,chr11-HighRes-#2,3,chr11,97450000,97475000,11
603,chr11-HighRes-#3,3,chr11,97475000,97500000,11
604,chr11-HighRes-#4,3,chr11,97500000,97525000,11
605,chr11-HighRes-#5,3,chr11,97525000,97550000,11
606,chr11-HighRes-#6,3,chr11,97550000,97575000,11
607,chr11-HighRes-#7,3,chr11,97575000,97600000,11
608,chr11-HighRes-#8,3,chr11,97600000,97625000,11
609,chr11-HighRes-#9,3,chr11,97625000,97650000,11
610,chr11-HighRes-#10,3,chr11,97650000,97675000,11
611,chr11-HighRes-#11,3,chr11,97675000,97700000,11
612,chr11-HighRes-#12,3,chr11,97700000,97725000,11
613,chr11-HighRes-#13,3,chr11,97725000,97750000,11
614,chr11-HighRes-#14,3,chr11,97750000,97775000,11
615,chr11-HighRes-#15,3,chr11,97775000,97800000,11
616,chr11-HighRes-#16,3,chr11,97800000,97825000,11
617,chr11-HighRes-#17,3,chr11,97825000,97850000,11
618,chr11-HighRes-#18,3,chr11,97850000,97875000,11
619,chr11-HighRes-#19,3,chr11,97875000,97900000,11
620,chr11-HighRes-#20,3,chr11,97900000,97925000,11
621,chr11-HighRes-#21,3,chr11,97925000,97950000,11
622,chr11-HighRes-#22,3,chr11,97950000,97975000,11
623,chr11-HighRes-#23,3,chr11,97975000,98000000,11
624,chr11-HighRes-#24,3,chr11,98000000,98025000,11
625,chr11-HighRes-#25,3,chr11,98025000,98050000,11
626,chr11-HighRes-#26,3,chr11,98050000,98075000,11
627,chr11-HighRes-#27,3,chr11,98075000,98100000,11
628,chr11-HighRes-#28,3,chr11,98100000,98125000,11
629,chr11-HighRes-#29,3,chr11,98125000,98150000,11
630,chr11-HighRes-#30,3,chr11,98150000,98175000,11
631,chr11-HighRes-#31,3,chr11,98175000,98200000,11
632,chr11-HighRes-#32,3,chr11,98200000,98225000,11
633,chr11-HighRes-#33,3,chr11,98225000,98250000,11
634,chr11-HighRes-#34,3,chr11,98250000,98275000,11
635,chr11-HighRes-#35,3,chr11,98275000,98300000,11
636,chr11-HighRes-#36,3,chr11,98300000,98325000,11
637,chr11-HighRes-#37,3,chr11,98325000,98350000,11
638,chr11-HighRes-#38,3,chr11,98350000,98375000,11
639,chr11-HighRes-#39,3,chr11,98375000,98400000,11
640,chr11-HighRes-#40,3,chr11,98400000,98425000,11
641,chr11-HighRes-#41,3,chr11,98425000,98450000,11
642,chr11-HighRes-#42,3,chr11,98450000,98475000,11
643,chr11-HighRes-#43,3,chr11,98475000,98500000,11
644,chr11-HighRes-#44,3,chr11,98500000,98525000,11
645,chr11-HighRes-#45,3,chr11,98525000,98550000,11
646,chr11-HighRes-#46,3,chr11,98550000,98575000,11
647,chr11-HighRes-#47,3,chr11,98575000,98600000,11
648,chr11-HighRes-#48,3,chr11,98600000,98625000,11
649,chr11-HighRes-#49,3,chr11,98625000,98650000,11
650,chr11-HighRes-#50,3,chr11,98650000,98675000,11
651,chr11-HighRes-#51,3,chr11,98675000,98700000,11
652,chr11-HighRes-#52,3,chr11,98700000,98725000,11
653,chr11-HighRes-#53,3,chr11,98725000,98750000,11
654,chr11-HighRes-#54,3,chr11,98750000,98775000,11
655,chr11-HighRes-#55,3,chr11,98775000,98800000,11
656,chr11-HighRes-#56,3,chr11,98800000,98825000,11
657,chr11-HighRes-#57,3,chr11,98825000,98850000,11
658,chr11-HighRes-#58,3,chr11,98850000,98875000,11
659,chr11-HighRes-#59,3,chr11,98875000,98900000,11
660,chr11-HighRes-#60,3,chr11,98900000,98925000,11
661,chr12-HighRes-#1,3,chr12,61900000,61925000,12
662,chr12-HighRes-#2,3,chr12,61925000,61950000,12
663,chr12-HighRes-#3,3,chr12,61975000,62000000,12
664,chr12-HighRes-#4,3,chr12,62000000,62025000,12
665,chr12-HighRes-#5,3,chr12,62025000,62050000,12
666,chr12-HighRes-#6,3,chr12,62100000,62125000,12
667,chr12-HighRes-#7,3,chr12,62150000,62175000,12
668,chr12-HighRes-#8,3,chr12,62175000,62200000,12
669,chr12-HighRes-#9,3,chr12,62200000,62225000,12
670,chr12-HighRes-#10,3,chr12,62250000,62275000,12
671,chr12-HighRes-#11,3,chr12,62275000,62300000,12
672,chr12-HighRes-#12,3,chr12,62375000,62400000,12
673,chr12-HighRes-#13,3,chr12,62400000,62425000,12
674,chr12-HighRes-#14,3,chr12,62450000,62475000,12
675,chr12-HighRes-#15,3,chr12,62475000,62500000,12
676,chr12-HighRes-#16,3,chr12,62600000,62625000,12
677,chr12-HighRes-#17,3,chr12,62625000,62650000,12
678,chr12-HighRes-#18,3,chr12,62650000,62675000,12
679,chr12-HighRes-#19,3,chr12,62675000,62700000,12
680,chr12-HighRes-#20,3,chr12,62700000,62725000,12
681,chr12-HighRes-#21,3,chr12,62750000,62775000,12
682,chr12-HighRes-#22,3,chr12,62775000,62800000,12
683,chr12-HighRes-#23,3,chr12,62800000,62825000,12
684,chr12-HighRes-#24,3,chr12,62825000,62850000,12
685,chr12-HighRes-#25,3,chr12,62850000,62875000,12
686,chr12-HighRes-#26,3,chr12,62875000,62900000,12
687,chr12-HighRes-#27,3,chr12,62950000,62975000,12
688,chr12-HighRes-#28,3,chr12,63000000,63025000,12
689,chr12-HighRes-#29,3,chr12,63050000,63075000,12
690,chr12-HighRes-#30,3,chr12,63075000,63100000,12
691,chr12-HighRes-#31,3,chr12,63100000,63125000,12
692,chr12-HighRes-#32,3,chr12,63175000,63200000,12
693,chr12-HighRes-#33,3,chr12,63200000,63225000,12
694,chr12-HighRes-#34,3,chr12,63225000,63250000,12
695,chr12-HighRes-#35,3,chr12,63300000,63325000,12
696,chr12-HighRes-#36,3,chr12,63325000,63350000,12
697,chr12-HighRes-#37,3,chr12,63350000,63375000,12
698,chr12-HighRes-#38,3,chr12,63425000,63450000,12
699,chr12-HighRes-#39,3,chr12,63475000,63500000,12
700,chr12-HighRes-#40,3,chr12,63500000,63525000,12
701,chr12-HighRes-#41,3,chr12,63525000,63550000,12
702,chr12-HighRes-#42,3,chr12,63550000,63575000,12
703,chr12-HighRes-#43,3,chr12,63575000,63600000,12
704,chr12-HighRes-#44,3,chr12,63625000,63650000,12
705,chr12-HighRes-#45,3,chr12,63650000,63675000,12
706,chr12-HighRes-#46,3,chr12,63750000,63775000,12
707,chr12-HighRes-#47,3,chr12,63775000,63800000,12
708,chr12-HighRes-#48,3,chr12,63800000,63825000,12
709,chr12-HighRes-#49,3,chr12,63825000,63850000,12
710,chr12-HighRes-#50,3,chr12,63850000,63875000,12
711,chr12-HighRes-#51,3,chr12,63875000,63900000,12
712,chr12-HighRes-#52,3,chr12,63900000,63925000,12
713,chr12-HighRes-#53,3,chr12,63950000,63975000,12
714,chr12-HighRes-#54,3,chr12,63975000,64000000,12
715,chr12-HighRes-#55,3,chr12,64000000,64025000,12
716,chr12-HighRes-#56,3,chr12,64025000,64050000,12
717,chr12-HighRes-#57,3,chr12,64050000,64075000,12
718,chr12-HighRes-#58,3,chr12,64075000,64100000,12
719,chr12-HighRes-#59,3,chr12,64100000,64125000,12
720,chr12-HighRes-#60,3,chr12,64125000,64150000,12
721,chr13-HighRes-#1,3,chr13,21475000,21500000,13
722,chr13-HighRes-#2,3,chr13,21500000,21525000,13
723,chr13-HighRes-#3,3,chr13,21525000,21550000,13
724,chr13-HighRes-#4,3,chr13,21550000,21575000,13
725,chr13-HighRes-#5,3,chr13,21575000,21600000,13
726,chr13-HighRes-#6,3,chr13,21600000,21625000,13
727,chr13-HighRes-#7,3,chr13,21625000,21650000,13
728,chr13-HighRes-#8,3,chr13,21650000,21675000,13
729,chr13-HighRes-#9,3,chr13,21675000,21700000,13
730,chr13-HighRes-#10,3,chr13,21700000,21725000,13
731,chr13-HighRes-#11,3,chr13,21725000,21750000,13
732,chr13-HighRes-#12,3,chr13,21750000,21775000,13
733,chr13-HighRes-#13,3,chr13,21775000,21800000,13
734,chr13-HighRes-#14,3,chr13,21850000,21875000,13
735,chr13-HighRes-#15,3,chr13,21875000,21900000,13
736,chr13-HighRes-#16,3,chr13,21900000,21925000,13
737,chr13-HighRes-#17,3,chr13,21925000,21950000,13
738,chr13-HighRes-#18,3,chr13,21950000,21975000,13
739,chr13-HighRes-#19,3,chr13,21975000,22000000,13
740,chr13-HighRes-#20,3,chr13,22000000,22025000,13
741,chr13-HighRes-#21,3,chr13,22025000,22050000,13
742,chr13-HighRes-#22,3,chr13,22050000,22075000,13
743,chr13-HighRes-#23,3,chr13,22225000,22250000,13
744,chr13-HighRes-#24,3,chr13,22250000,22275000,13
745,chr13-HighRes-#25,3,chr13,22275000,22300000,13
746,chr13-HighRes-#26,3,chr13,22300000,22325000,13
747,chr13-HighRes-#27,3,chr13,22325000,22350000,13
748,chr13-HighRes-#28,3,chr13,22350000,22375000,13
749,chr13-HighRes-#29,3,chr13,22375000,22400000,13
750,chr13-HighRes-#30,3,chr13,22450000,22475000,13
751,chr13-HighRes-#31,3,chr13,22475000,22500000,13
752,chr13-HighRes-#32,3,chr13,22825000,22850000,13
753,chr13-HighRes-#33,3,chr13,22850000,22875000,13
754,chr13-HighRes-#34,3,chr13,23000000,23025000,13
755,chr13-HighRes-#35,3,chr13,23025000,23050000,13
756,chr13-HighRes-#36,3,chr13,23050000,23075000,13
757,chr13-HighRes-#37,3,chr13,23075000,23100000,13
758,chr13-HighRes-#38,3,chr13,23125000,23150000,13
759,chr13-HighRes-#39,3,chr13,23150000,23175000,13
760,chr13-HighRes-#40,3,chr13,23275000,23300000,13
761,chr13-HighRes-#41,3,chr13,23300000,23325000,13
762,chr13-HighRes-#42,3,chr13,23325000,23350000,13
763,chr13-HighRes-#43,3,chr13,23350000,23375000,13
764,chr13-HighRes-#44,3,chr13,23375000,23400000,13
765,chr13-HighRes-#45,3,chr13,23400000,23425000,13
766,chr13-HighRes-#46,3,chr13,23425000,23450000,13
767,chr13-HighRes-#47,3,chr13,23450000,23475000,13
768,chr13-HighRes-#48,3,chr13,23475000,23500000,13
769,chr13-HighRes-#49,3,chr13,23500000,23525000,13
770,chr13-HighRes-#50,3,chr13,23525000,23550000,13
771,chr13-HighRes-#51,3,chr13,23550000,23575000,13
772,chr13-HighRes-#52,3,chr13,23575000,23600000,13
773,chr13-HighRes-#53,3,chr13,23600000,23625000,13
774,chr13-HighRes-#54,3,chr13,23625000,23650000,13
775,chr13-HighRes-#55,3,chr13,23650000,23675000,13
776,chr13-HighRes-#56,3,chr13,23675000,23700000,13
777,chr13-HighRes-#57,3,chr13,23700000,23725000,13
778,chr13-HighRes-#58,3,chr13,23725000,23750000,13
779,chr13-HighRes-#59,3,chr13,23750000,23775000,13
780,chr13-HighRes-#60,3,chr13,23775000,23800000,13
781,chr14-HighRes-#1,3,chr14,65400000,65425000,14
782,chr14-HighRes-#2,3,chr14,65425000,65450000,14
783,chr14-HighRes-#3,3,chr14,65450000,65475000,14
784,chr14-HighRes-#4,3,chr14,65475000,65500000,14
785,chr14-HighRes-#5,3,chr14,65500000,65525000,14
786,chr14-HighRes-#6,3,chr14,65525000,65550000,14
787,chr14-HighRes-#7,3,chr14,65550000,65575000,14
788,chr14-HighRes-#8,3,chr14,65575000,65600000,14
789,chr14-HighRes-#9,3,chr14,65600000,65625000,14
790,chr14-HighRes-#10,3,chr14,65625000,65650000,14
791,chr14-HighRes-#11,3,chr14,65650000,65675000,14
792,chr14-HighRes-#12,3,chr14,65675000,65700000,14
793,chr14-HighRes-#13,3,chr14,65700000,65725000,14
794,chr14-HighRes-#14,3,chr14,65725000,65750000,14
795,chr14-HighRes-#15,3,chr14,65750000,65775000,14
796,chr14-HighRes-#16,3,chr14,65775000,65800000,14
797,chr14-HighRes-#17,3,chr14,65800000,65825000,14
798,chr14-HighRes-#18,3,chr14,65825000,65850000,14
799,chr14-HighRes-#19,3,chr14,65850000,65875000,14
800,chr14-HighRes-#20,3,chr14,65875000,65900000,14
801,chr14-HighRes-#21,3,chr14,65900000,65925000,14
802,chr14-HighRes-#22,3,chr14,65925000,65950000,14
803,chr14-HighRes-#23,3,chr14,65950000,65975000,14
804,chr14-HighRes-#24,3,chr14,65975000,66000000,14
805,chr14-HighRes-#25,3,chr14,66000000,66025000,14
806,chr14-HighRes-#26,3,chr14,66025000,66050000,14
807,chr14-HighRes-#27,3,chr14,66050000,66075000,14
808,chr14-HighRes-#28,3,chr14,66075000,66100000,14
809,chr14-HighRes-#29,3,chr14,66100000,66125000,14
810,chr14-HighRes-#30,3,chr14,66125000,66150000,14
811,chr14-HighRes-#31,3,chr14,66150000,66175000,14
812,chr14-HighRes-#32,3,chr14,66175000,66200000,14
813,chr14-HighRes-#33,3,chr14,66200000,66225000,14
814,chr14-HighRes-#34,3,chr14,66225000,66250000,14
815,chr14-HighRes-#35,3,chr14,66250000,66275000,14
816,chr14-HighRes-#36,3,chr14,66275000,66300000,14
817,chr14-HighRes-#37,3,chr14,66300000,66325000,14
818,chr14-HighRes-#38,3,chr14,66325000,66350000,14
819,chr14-HighRes-#39,3,chr14,66350000,66375000,14
820,chr14-HighRes-#40,3,chr14,66375000,66400000,14
821,chr14-HighRes-#41,3,chr14,66400000,66425000,14
822,chr14-HighRes-#42,3,chr14,66425000,66450000,14
823,chr14-HighRes-#43,3,chr14,66450000,66475000,14
824,chr14-HighRes-#44,3,chr14,66475000,66500000,14
825,chr14-HighRes-#45,3,chr14,66500000,66525000,14
826,chr14-HighRes-#46,3,chr14,66525000,66550000,14
827,chr14-HighRes-#47,3,chr14,66550000,66575000,14
828,chr14-HighRes-#48,3,chr14,66575000,66600000,14
829,chr14-HighRes-#49,3,chr14,66600000,66625000,14
830,chr14-HighRes-#50,3,chr14,66625000,66650000,14
831,chr14-HighRes-#51,3,chr14,66650000,66675000,14
832,chr14-HighRes-#52,3,chr14,66675000,66700000,14
833,chr14-HighRes-#53,3,chr14,66700000,66725000,14
834,chr14-HighRes-#54,3,chr14,66725000,66750000,14
835,chr14-HighRes-#55,3,chr14,66750000,66775000,14
836,chr14-HighRes-#56,3,chr14,66775000,66800000,14
837,chr14-HighRes-#57,3,chr14,66800000,66825000,14
838,chr14-HighRes-#58,3,chr14,66825000,66850000,14
839,chr14-HighRes-#59,3,chr14,66850000,66875000,14
840,chr14-HighRes-#60,3,chr14,66875000,66900000,14
841,chr15-HighRes-#1,3,chr15,61000000,61025000,15
842,chr15-HighRes-#2,3,chr15,61025000,61050000,15
843,chr15-HighRes-#3,3,chr15,61050000,61075000,15
844,chr15-HighRes-#4,3,chr15,61100000,61125000,15
845,chr15-HighRes-#5,3,chr15,61125000,61150000,15
846,chr15-HighRes-#6,3,chr15,61150000,61175000,15
847,chr15-HighRes-#7,3,chr15,61175000,61200000,15
848,chr15-HighRes-#8,3,chr15,61200000,61225000,15
849,chr15-HighRes-#9,3,chr15,61225000,61250000,15
850,chr15-HighRes-#10,3,chr15,61250000,61275000,15
851,chr15-HighRes-#11,3,chr15,61275000,61300000,15
852,chr15-HighRes-#12,3,chr15,61300000,61325000,15
853,chr15-HighRes-#13,3,chr15,61325000,61350000,15
854,chr15-HighRes-#14,3,chr15,61350000,61375000,15
855,chr15-HighRes-#15,3,chr15,61375000,61400000,15
856,chr15-HighRes-#16,3,chr15,61400000,61425000,15
857,chr15-HighRes-#17,3,chr15,61425000,61450000,15
858,chr15-HighRes-#18,3,chr15,61450000,61475000,15
859,chr15-HighRes-#19,3,chr15,61475000,61500000,15
860,chr15-HighRes-#20,3,chr15,61500000,61525000,15
861,chr15-HighRes-#21,3,chr15,61525000,61550000,15
862,chr15-HighRes-#22,3,chr15,61550000,61575000,15
863,chr15-HighRes-#23,3,chr15,61575000,61600000,15
864,chr15-HighRes-#24,3,chr15,61600000,61625000,15
865,chr15-HighRes-#25,3,chr15,61625000,61650000,15
866,chr15-HighRes-#26,3,chr15,61650000,61675000,15
867,chr15-HighRes-#27,3,chr15,61675000,61700000,15
868,chr15-HighRes-#28,3,chr15,61700000,61725000,15
869,chr15-HighRes-#29,3,chr15,61725000,61750000,15
870,chr15-HighRes-#30,3,chr15,61750000,61775000,15
871,chr15-HighRes-#31,3,chr15,61775000,61800000,15
872,chr15-HighRes-#32,3,chr15,61800000,61825000,15
873,chr15-HighRes-#33,3,chr15,61825000,61850000,15
874,chr15-HighRes-#34,3,chr15,61850000,61875000,15
875,chr15-HighRes-#35,3,chr15,61875000,61900000,15
876,chr15-HighRes-#36,3,chr15,61900000,61925000,15
877,chr15-HighRes-#37,3,chr15,61925000,61950000,15
878,chr15-HighRes-#38,3,chr15,61950000,61975000,15
879,chr15-HighRes-#39,3,chr15,61975000,62000000,15
880,chr15-HighRes-#40,3,chr15,62000000,62025000,15
881,chr15-HighRes-#41,3,chr15,62025000,62050000,15
882,chr15-HighRes-#42,3,chr15,62050000,62075000,15
883,chr15-HighRes-#43,3,chr15,62075000,62100000,15
884,chr15-HighRes-#44,3,chr15,62100000,62125000,15
885,chr15-HighRes-#45,3,chr15,62125000,62150000,15
886,chr15-HighRes-#46,3,chr15,62150000,62175000,15
887,chr15-HighRes-#47,3,chr15,62175000,62200000,15
888,chr15-HighRes-#48,3,chr15,62200000,62225000,15
889,chr15-HighRes-#49,3,chr15,62225000,62250000,15
890,chr15-HighRes-#50,3,chr15,62250000,62275000,15
891,chr15-HighRes-#51,3,chr15,62275000,62300000,15
892,chr15-HighRes-#52,3,chr15,62300000,62325000,15
893,chr15-HighRes-#53,3,chr15,62325000,62350000,15
894,chr15-HighRes-#54,3,chr15,62350000,62375000,15
895,chr15-HighRes-#55,3,chr15,62375000,62400000,15
896,chr15-HighRes-#56,3,chr15,62400000,62425000,15
897,chr15-HighRes-#57,3,chr15,62425000,62450000,15
898,chr15-HighRes-#58,3,chr15,62450000,62475000,15
899,chr15-HighRes-#59,3,chr15,62475000,62500000,15
900,chr15-HighRes-#60,3,chr15,62500000,62525000,15
901,chr16-HighRes-#1,3,chr16,90500000,90525000,16
902,chr16-HighRes-#2,3,chr16,90525000,90550000,16
903,chr16-HighRes-#3,3,chr16,90550000,90575000,16
904,chr16-HighRes-#4,3,chr16,90575000,90600000,16
905,chr16-HighRes-#5,3,chr16,90600000,90625000,16
906,chr16-HighRes-#6,3,chr16,90625000,90650000,16
907,chr16-HighRes-#7,3,chr16,90650000,90675000,16
908,chr16-HighRes-#8,3,chr16,90675000,90700000,16
909,chr16-HighRes-#9,3,chr16,90700000,90725000,16
910,chr16-HighRes-#10,3,chr16,90725000,90750000,16
911,chr16-HighRes-#11,3,chr16,90750000,90775000,16
912,chr16-HighRes-#12,3,chr16,90775000,90800000,16
913,chr16-HighRes-#13,3,chr16,90800000,90825000,16
914,chr16-HighRes-#14,3,chr16,90825000,90850000,16
915,chr16-HighRes-#15,3,chr16,90850000,90875000,16
916,chr16-HighRes-#16,3,chr16,90875000,90900000,16
917,chr16-HighRes-#17,3,chr16,90900000,90925000,16
918,chr16-HighRes-#18,3,chr16,90925000,90950000,16
919,chr16-HighRes-#19,3,chr16,90950000,90975000,16
920,chr16-HighRes-#20,3,chr16,90975000,91000000,16
921,chr16-HighRes-#21,3,chr16,91000000,91025000,16
922,chr16-HighRes-#22,3,chr16,91025000,91050000,16
923,chr16-HighRes-#23,3,chr16,91050000,91075000,16
924,chr16-HighRes-#24,3,chr16,91075000,91100000,16
925,chr16-HighRes-#25,3,chr16,91100000,91125000,16
926,chr16-HighRes-#26,3,chr16,91125000,91150000,16
927,chr16-HighRes-#27,3,chr16,91150000,91175000,16
928,chr16-HighRes-#28,3,chr16,91175000,91200000,16
929,chr16-HighRes-#29,3,chr16,91200000,91225000,16
930,chr16-HighRes-#30,3,chr16,91225000,91250000,16
931,chr16-HighRes-#31,3,chr16,91250000,91275000,16
932,chr16-HighRes-#32,3,chr16,91275000,91300000,16
933,chr16-HighRes-#33,3,chr16,91300000,91325000,16
934,chr16-HighRes-#34,3,chr16,91325000,91350000,16
935,chr16-HighRes-#35,3,chr16,91350000,91375000,16
936,chr16-HighRes-#36,3,chr16,91375000,91400000,16
937,chr16-HighRes-#37,3,chr16,91400000,91425000,16
938,chr16-HighRes-#38,3,chr16,91425000,91450000,16
939,chr16-HighRes-#39,3,chr16,91450000,91475000,16
940,chr16-HighRes-#40,3,chr16,91475000,91500000,16
941,chr16-HighRes-#41,3,chr16,91500000,91525000,16
942,chr16-HighRes-#42,3,chr16,91525000,91550000,16
943,chr16-HighRes-#43,3,chr16,91550000,91575000,16
944,chr16-HighRes-#44,3,chr16,91575000,91600000,16
945,chr16-HighRes-#45,3,chr16,91600000,91625000,16
946,chr16-HighRes-#46,3,chr16,91625000,91650000,16
947,chr16-HighRes-#47,3,chr16,91650000,91675000,16
948,chr16-HighRes-#48,3,chr16,91675000,91700000,16
949,chr16-HighRes-#49,3,chr16,91700000,91725000,16
950,chr16-HighRes-#50,3,chr16,91725000,91750000,16
951,chr16-HighRes-#51,3,chr16,91750000,91775000,16
952,chr16-HighRes-#52,3,chr16,91775000,91800000,16
953,chr16-HighRes-#53,3,chr16,91800000,91825000,16
954,chr16-HighRes-#54,3,chr16,91825000,91850000,16
955,chr16-HighRes-#55,3,chr16,91850000,91875000,16
956,chr16-HighRes-#56,3,chr16,91875000,91900000,16
957,chr16-HighRes-#57,3,chr16,91900000,91925000,16
958,chr16-HighRes-#58,3,chr16,91925000,91950000,16
959,chr16-HighRes-#59,3,chr16,91950000,91975000,16
960,chr16-HighRes-#60,3,chr16,91975000,92000000,16
961,chr17-HighRes-#1,3,chr17,62425000,62450000,17
962,chr17-HighRes-#2,3,chr17,62450000,62475000,17
963,chr17-HighRes-#3,3,chr17,62475000,62500000,17
964,chr17-HighRes-#4,3,chr17,62500000,62525000,17
965,chr17-HighRes-#5,3,chr17,62525000,62550000,17
966,chr17-HighRes-#6,3,chr17,62550000,62575000,17
967,chr17-HighRes-#7,3,chr17,62575000,62600000,17
968,chr17-HighRes-#8,3,chr17,62600000,62625000,17
969,chr17-HighRes-#9,3,chr17,62625000,62650000,17
970,chr17-HighRes-#10,3,chr17,62650000,62675000,17
971,chr17-HighRes-#11,3,chr17,62675000,62700000,17
972,chr17-HighRes-#12,3,chr17,62700000,62725000,17
973,chr17-HighRes-#13,3,chr17,62725000,62750000,17
974,chr17-HighRes-#14,3,chr17,62750000,62775000,17
975,chr17-HighRes-#15,3,chr17,62775000,62800000,17
976,chr17-HighRes-#16,3,chr17,62800000,62825000,17
977,chr17-HighRes-#17,3,chr17,62825000,62850000,17
978,chr17-HighRes-#18,3,chr17,62850000,62875000,17
979,chr17-HighRes-#19,3,chr17,62875000,62900000,17
980,chr17-HighRes-#20,3,chr17,62900000,62925000,17
981,chr17-HighRes-#21,3,chr17,62925000,62950000,17
982,chr17-HighRes-#22,3,chr17,62950000,62975000,17
983,chr17-HighRes-#23,3,chr17,62975000,63000000,17
984,chr17-HighRes-#24,3,chr17,63000000,63025000,17
985,chr17-HighRes-#25,3,chr17,63025000,63050000,17
986,chr17-HighRes-#26,3,chr17,63050000,63075000,17
987,chr17-HighRes-#27,3,chr17,63075000,63100000,17
988,chr17-HighRes-#28,3,chr17,63100000,63125000,17
989,chr17-HighRes-#29,3,chr17,63125000,63150000,17
990,chr17-HighRes-#30,3,chr17,63150000,63175000,17
991,chr17-HighRes-#31,3,chr17,63175000,63200000,17
992,chr17-HighRes-#32,3,chr17,63200000,63225000,17
993,chr17-HighRes-#33,3,chr17,63225000,63250000,17
994,chr17-HighRes-#34,3,chr17,63250000,63275000,17
995,chr17-HighRes-#35,3,chr17,63275000,63300000,17
996,chr17-HighRes-#36,3,chr17,63300000,63325000,17
997,chr17-HighRes-#37,3,chr17,63325000,63350000,17
998,chr17-HighRes-#38,3,chr17,63350000,63375000,17
999,chr17-HighRes-#39,3,chr17,63375000,63400000,17
1000,chr17-HighRes-#40,3,chr17,63400000,63425000,17
1001,chr17-HighRes-#41,3,chr17,63425000,63450000,17
1002,chr17-HighRes-#42,3,chr17,63450000,63475000,17
1003,chr17-HighRes-#43,3,chr17,63475000,63500000,17
1004,chr17-HighRes-#44,3,chr17,63500000,63525000,17
1005,chr17-HighRes-#45,3,chr17,63525000,63550000,17
1006,chr17-HighRes-#46,3,chr17,63550000,63575000,17
1007,chr17-HighRes-#47,3,chr17,63575000,63600000,17
1008,chr17-HighRes-#48,3,chr17,63600000,63625000,17
1009,chr17-HighRes-#49,3,chr17,63625000,63650000,17
1010,chr17-HighRes-#50,3,chr17,63650000,63675000,17
1011,chr17-HighRes-#51,3,chr17,63675000,63700000,17
1012,chr17-HighRes-#52,3,chr17,63700000,63725000,17
1013,chr17-HighRes-#53,3,chr17,63725000,63750000,17
1014,chr17-HighRes-#54,3,chr17,63750000,63775000,17
1015,chr17-HighRes-#55,3,chr17,63775000,63800000,17
1016,chr17-HighRes-#56,3,chr17,63800000,63825000,17
1017,chr17-HighRes-#57,3,chr17,63825000,63850000,17
1018,chr17-HighRes-#58,3,chr17,63850000,63875000,17
1019,chr17-HighRes-#59,3,chr17,63875000,63900000,17
1020,chr17-HighRes-#60,3,chr17,63900000,63925000,17
1021,chr18-HighRes-#1,3,chr18,71200000,71225000,18
1022,chr18-HighRes-#2,3,chr18,71225000,71250000,18
1023,chr18-HighRes-#3,3,chr18,71250000,71275000,18
1024,chr18-HighRes-#4,3,chr18,71275000,71300000,18
1025,chr18-HighRes-#5,3,chr18,71300000,71325000,18
1026,chr18-HighRes-#6,3,chr18,71325000,71350000,18
1027,chr18-HighRes-#7,3,chr18,71350000,71375000,18
1028,chr18-HighRes-#8,3,chr18,71375000,71400000,18
1029,chr18-HighRes-#9,3,chr18,71400000,71425000,18
1030,chr18-HighRes-#10,3,chr18,71425000,71450000,18
1031,chr18-HighRes-#11,3,chr18,71450000,71475000,18
1032,chr18-HighRes-#12,3,chr18,71475000,71500000,18
1033,chr18-HighRes-#13,3,chr18,71500000,71525000,18
1034,chr18-HighRes-#14,3,chr18,71525000,71550000,18
1035,chr18-HighRes-#15,3,chr18,71550000,71575000,18
1036,chr18-HighRes-#16,3,chr18,71575000,71600000,18
1037,chr18-HighRes-#17,3,chr18,71600000,71625000,18
1038,chr18-HighRes-#18,3,chr18,71625000,71650000,18
1039,chr18-HighRes-#19,3,chr18,71650000,71675000,18
1040,chr18-HighRes-#20,3,chr18,71675000,71700000,18
1041,chr18-HighRes-#21,3,chr18,71700000,71725000,18
1042,chr18-HighRes-#22,3,chr18,71725000,71750000,18
1043,chr18-HighRes-#23,3,chr18,71750000,71775000,18
1044,chr18-HighRes-#24,3,chr18,71775000,71800000,18
1045,chr18-HighRes-#25,3,chr18,71800000,71825000,18
1046,chr18-HighRes-#26,3,chr18,71825000,71850000,18
1047,chr18-HighRes-#27,3,chr18,71850000,71875000,18
1048,chr18-HighRes-#28,3,chr18,71875000,71900000,18
1049,chr18-HighRes-#29,3,chr18,71900000,71925000,18
1050,chr18-HighRes-#30,3,chr18,71925000,71950000,18
1051,chr18-HighRes-#31,3,chr18,71950000,71975000,18
1052,chr18-HighRes-#32,3,chr18,71975000,72000000,18
1053,chr18-HighRes-#33,3,chr18,72000000,72025000,18
1054,chr18-HighRes-#34,3,chr18,72025000,72050000,18
1055,chr18-HighRes-#35,3,chr18,72050000,72075000,18
1056,chr18-HighRes-#36,3,chr18,72075000,72100000,18
1057,chr18-HighRes-#37,3,chr18,72100000,72125000,18
1058,chr18-HighRes-#38,3,chr18,72125000,72150000,18
1059,chr18-HighRes-#39,3,chr18,72150000,72175000,18
1060,chr18-HighRes-#40,3,chr18,72175000,72200000,18
1061,chr18-HighRes-#41,3,chr18,72200000,72225000,18
1062,chr18-HighRes-#42,3,chr18,72225000,72250000,18
1063,chr18-HighRes-#43,3,chr18,72250000,72275000,18
1064,chr18-HighRes-#44,3,chr18,72275000,72300000,18
1065,chr18-HighRes-#45,3,chr18,72300000,72325000,18
1066,chr18-HighRes-#46,3,chr18,72325000,72350000,18
1067,chr18-HighRes-#47,3,chr18,72350000,72375000,18
1068,chr18-HighRes-#48,3,chr18,72375000,72400000,18
1069,chr18-HighRes-#49,3,chr18,72400000,72425000,18
1070,chr18-HighRes-#50,3,chr18,72425000,72450000,18
1071,chr18-HighRes-#51,3,chr18,72450000,72475000,18
1072,chr18-HighRes-#52,3,chr18,72475000,72500000,18
1073,chr18-HighRes-#53,3,chr18,72500000,72525000,18
1074,chr18-HighRes-#54,3,chr18,72525000,72550000,18
1075,chr18-HighRes-#55,3,chr18,72550000,72575000,18
1076,chr18-HighRes-#56,3,chr18,72575000,72600000,18
1077,chr18-HighRes-#57,3,chr18,72600000,72625000,18
1078,chr18-HighRes-#58,3,chr18,72625000,72650000,18
1079,chr18-HighRes-#59,3,chr18,72650000,72675000,18
1080,chr18-HighRes-#60,3,chr18,72675000,72700000,18
1081,chr19-HighRes-#1,3,chr19,12550000,12575000,19
1082,chr19-HighRes-#2,3,chr19,12575000,12600000,19
1083,chr19-HighRes-#3,3,chr19,12600000,12625000,19
1084,chr19-HighRes-#4,3,chr19,12625000,12650000,19
1085,chr19-HighRes-#5,3,chr19,12650000,12675000,19
1086,chr19-HighRes-#6,3,chr19,12675000,12700000,19
1087,chr19-HighRes-#7,3,chr19,12700000,12725000,19
1088,chr19-HighRes-#8,3,chr19,12725000,12750000,19
1089,chr19-HighRes-#9,3,chr19,12750000,12775000,19
1090,chr19-HighRes-#10,3,chr19,12775000,12800000,19
1091,chr19-HighRes-#11,3,chr19,12800000,12825000,19
1092,chr19-HighRes-#12,3,chr19,12825000,12850000,19
1093,chr19-HighRes-#13,3,chr19,12850000,12875000,19
1094,chr19-HighRes-#14,3,chr19,12875000,12900000,19
1095,chr19-HighRes-#15,3,chr19,12975000,13000000,19
1096,chr19-HighRes-#16,3,chr19,13050000,13075000,19
1097,chr19-HighRes-#17,3,chr19,13150000,13175000,19
1098,chr19-HighRes-#18,3,chr19,13175000,13200000,19
1099,chr19-HighRes-#19,3,chr19,13375000,13400000,19
1100,chr19-HighRes-#20,3,chr19,13700000,13725000,19
1101,chr19-HighRes-#21,3,chr19,13775000,13800000,19
1102,chr19-HighRes-#22,3,chr19,13800000,13825000,19
1103,chr19-HighRes-#23,3,chr19,13825000,13850000,19
1104,chr19-HighRes-#24,3,chr19,13925000,13950000,19
1105,chr19-HighRes-#25,3,chr19,13975000,14000000,19
1106,chr19-HighRes-#26,3,chr19,14025000,14050000,19
1107,chr19-HighRes-#27,3,chr19,14050000,14075000,19
1108,chr19-HighRes-#28,3,chr19,14075000,14100000,19
1109,chr19-HighRes-#29,3,chr19,14100000,14125000,19
1110,chr19-HighRes-#30,3,chr19,14125000,14150000,19
1111,chr19-HighRes-#31,3,chr19,14150000,14175000,19
1112,chr19-HighRes-#32,3,chr19,14175000,14200000,19
1113,chr19-HighRes-#33,3,chr19,14200000,14225000,19
1114,chr19-HighRes-#34,3,chr19,14225000,14250000,19
1115,chr19-HighRes-#35,3,chr19,14250000,14275000,19
1116,chr19-HighRes-#36,3,chr19,14275000,14300000,19
1117,chr19-HighRes-#37,3,chr19,14300000,14325000,19
1118,chr19-HighRes-#38,3,chr19,14325000,14350000,19
1119,chr19-HighRes-#39,3,chr19,14350000,14375000,19
1120,chr19-HighRes-#40,3,chr19,14375000,14400000,19
1121,chr19-HighRes-#41,3,chr19,14400000,14425000,19
1122,chr19-HighRes-#42,3,chr19,14425000,14450000,19
1123,chr19-HighRes-#43,3,chr19,14450000,14475000,19
1124,chr19-HighRes-#44,3,chr19,14475000,14500000,19
1125,chr19-HighRes-#45,3,chr19,14500000,14525000,19
1126,chr19-HighRes-#46,3,chr19,14525000,14550000,19
1127,chr19-HighRes-#47,3,chr19,14550000,14575000,19
1128,chr19-HighRes-#48,3,chr19,14575000,14600000,19
1129,chr19-HighRes-#49,3,chr19,14600000,14625000,19
1130,chr19-HighRes-#50,3,chr19,14625000,14650000,19
1131,chr19-HighRes-#51,3,chr19,14650000,14675000,19
1132,chr19-HighRes-#52,3,chr19,14675000,14700000,19
1133,chr19-HighRes-#53,3,chr19,14700000,14725000,19
1134,chr19-HighRes-#54,3,chr19,14725000,14750000,19
1135,chr19-HighRes-#55,3,chr19,14750000,14775000,19
1136,chr19-HighRes-#56,3,chr19,14775000,14800000,19
1137,chr19-HighRes-#57,3,chr19,14800000,14825000,19
1138,chr19-HighRes-#58,3,chr19,14825000,14850000,19
1139,chr19-HighRes-#59,3,chr19,14850000,14875000,19
1140,chr19-HighRes-#60,3,chr19,14875000,14900000,19
1141,chrX-HighRes-#1,3,chrX,75325457,75350457,20
1142,chrX-HighRes-#2,3,chrX,75350457,75375457,20
1143,chrX-HighRes-#3,3,chrX,75375457,75400457,20
1144,chrX-HighRes-#4,3,chrX,75400457,75425457,20
1145,chrX-HighRes-#5,3,chrX,75425457,75450457,20
1146,chrX-HighRes-#6,3,chrX,75450457,75475457,20
1147,chrX-HighRes-#7,3,chrX,75475457,75500457,20
1148,chrX-HighRes-#8,3,chrX,75500457,75525457,20
1149,chrX-HighRes-#9,3,chrX,75525457,75550457,20
1150,chrX-HighRes-#10,3,chrX,75550457,75575457,20
1151,chrX-HighRes-#11,3,chrX,75675457,75700457,20
1152,chrX-HighRes-#12,3,chrX,75700457,75725457,20
1153,chrX-HighRes-#13,3,chrX,75750457,75775457,20
1154,chrX-HighRes-#14,3,chrX,75775457,75800457,20
1155,chrX-HighRes-#15,3,chrX,75800457,75825457,20
1156,chrX-HighRes-#16,3,chrX,75825457,75850457,20
1157,chrX-HighRes-#17,3,chrX,75850457,75875457,20
1158,chrX-HighRes-#18,3,chrX,75875457,75900457,20
1159,chrX-HighRes-#19,3,chrX,75900457,75925457,20
1160,chrX-HighRes-#20,3,chrX,75925457,75950457,20
1161,chrX-HighRes-#21,3,chrX,75950457,75975457,20
1162,chrX-HighRes-#22,3,chrX,75975457,76000457,20
1163,chrX-HighRes-#23,3,chrX,76000457,76025457,20
1164,chrX-HighRes-#24,3,chrX,76025457,76050457,20
1165,chrX-HighRes-#25,3,chrX,76050457,76075457,20
1166,chrX-HighRes-#26,3,chrX,76075457,76100457,20
1167,chrX-HighRes-#27,3,chrX,76100457,76125457,20
1168,chrX-HighRes-#28,3,chrX,76125457,76150457,20
1169,chrX-HighRes-#29,3,chrX,76150457,76175457,20
1170,chrX-HighRes-#30,3,chrX,76175457,76200457,20
1171,chrX-HighRes-#31,3,chrX,76225457,76250457,20
1172,chrX-HighRes-#32,3,chrX,76275457,76300457,20
1173,chrX-HighRes-#33,3,chrX,76300457,76325457,20
1174,chrX-HighRes-#34,3,chrX,76325457,76350457,20
1175,chrX-HighRes-#35,3,chrX,76350457,76375457,20
1176,chrX-HighRes-#36,3,chrX,76375457,76400457,20
1177,chrX-HighRes-#37,3,chrX,76400457,76425457,20
1178,chrX-HighRes-#38,3,chrX,76425457,76450457,20
1179,chrX-HighRes-#39,3,chrX,76450457,76475457,20
1180,chrX-HighRes-#40,3,chrX,76475457,76500457,20
1181,chrX-HighRes-#41,3,chrX,76500457,76525457,20
1182,chrX-HighRes-#42,3,chrX,76525457,76550457,20
1183,chrX-HighRes-#43,3,chrX,76550457,76575457,20
1184,chrX-HighRes-#44,3,chrX,76575457,76600457,20
1185,chrX-HighRes-#45,3,chrX,76600457,76625457,20
1186,chrX-HighRes-#46,3,chrX,76625457,76650457,20
1187,chrX-HighRes-#47,3,chrX,76650457,76675457,20
1188,chrX-HighRes-#48,3,chrX,76675457,76700457,20
1189,chrX-HighRes-#49,3,chrX,76700457,76725457,20
1190,chrX-HighRes-#50,3,chrX,76750457,76775457,20
1191,chrX-HighRes-#51,3,chrX,76775457,76800457,20
1192,chrX-HighRes-#52,3,chrX,76800457,76825457,20
1193,chrX-HighRes-#53,3,chrX,76825457,76850457,20
1194,chrX-HighRes-#54,3,chrX,76850457,76875457,20
1195,chrX-HighRes-#55,3,chrX,76875457,76900457,20
1196,chrX-HighRes-#56,3,chrX,76900457,76925457,20
1197,chrX-HighRes-#57,3,chrX,76925457,76950457,20
1198,chrX-HighRes-#58,3,chrX,76950457,76975457,20
1199,chrX-HighRes-#59,3,chrX,76975457,77000457,20
1200,chrX-HighRes-#60,3,chrX,77000457,77025457,20
